"Category.m69"	"m69"	"m69"	"m69"	"m69"
"Field.CountdownField.start"	"Start"	"Démarrer"	"Start"	"Comenzar"
"Group.weighInTime"	"Weigh-in Time"	"Heure de pesée"	"Indvejningstidspunkt"	"Hora de pesaje"
"LiftList.group"	"Group"	"Groupe"	"Gruppe"	"Sesión"
"Lifter.firstName"	"First Name"	"Prénom"	"Fornavn"	"Nombre"
"TimeStoppedNotificationReason.CURRENT_LIFTER_CHANGE_STARTED"	"Weight change for current lifter"	"Changement pour le leveur courant"	"Vægtændring for nuværende løfter"	"Cambio de peso para el levantador actual"
"Category.m77"	"m77"	"m77"	"m77"	"m77"
"TimeStoppedNotificationReason.CLOCK_EXPIRED"	"Time expired."	"Temps écoulé."	"Tid udløbet."	"Tiempo agotado."
"Category.m105"	"m105"	"m105"	"m105"	"m105"
"ResultList.sessionNotSelected"	"Please select a group first."	"Il faut d'abord choisir un groupe."	"Vælg en gruppe først."	"Por favor, selecciona primero una tanda."
"CategoryLong.fgt75"	"Women over 75kg"	"Femmes plus de 75kg"	"Kvinder over 75kg"	"Femenino más de 75kg"
"LifterInfo.ForceAsCurrent"	"Force as current lifter"	"Forcer comme leveur courant"	"Sæt som nuværende løfter"	"Forzar como levantador actual"
"SpreadsheetUploader.SpreadsheetUpload"	"Spreasheet Upload"	"Chargement d'une feuille"	"Spreasheet Upload"	"Hoja de cálculo subida"
"MobileMenu.Referee"	"Referee"	"Arbitre"	"Dommer"	"Juez"
"OutputSheet.EmptySpreadsheet"	"Spreadsheet is empty"	"La feuille est vide."	"Arket er tomt"	"La hoja de cálculo está vacia."
"CategoryLong.m46"	"Men 46kg"	"Hommes 46kg"	"Mænd 46kg"	"Masculino 46kg"
"Lifter.rank"	"Rank"	"Rang"	"Placering"	"Posición"
"CompetitionApplication.Platforms"	"Platforms"	"Plateformes"	"Platforme"	"Tarimas"
"CompetitionApplication.AthleteBio"	"Athlete Biography"	"Biographie de l'athlète"	"Athlete Biografi"	"Biografía del atleta"
"CompetitionApplication.Display.s1080p"	"Large"	"Grand"	"Large"	"Grande"
"CompetitionApplication.Competition"	"Competition"	"Compétition"	"Stævne"	"Competición"
"WeightFormatter.WeightFormat"	"##0.00"	"##0.00"	"##0.00"	"##0.00"
"LifterInfo.TwoMinutes"	"2"	"2"	"2"	"2"
"LifterCardEditor.integerExpected"	"A number or a negative number is required"	"Un nombre ou un nombre négatif est requis."	"Der skal angives et heltal (positivt eller negativt)"	"Se requiere un número o número negativo."
"Group.name"	"Name"	"Nom"	"Navn"	"Nombre"
"Competition.protocolFileName"	"Protocol Sheet Template"	"Gabarit pour feuille de résultats"	"Protokol Template"	"Plantilla de protocolo"
"AttemptBoard.shortCleanJerk"	"Att."	"É.-J."	"Stød"	"D.T."
"FieldName.competitionTime"	"Start Time"	"Heure de début"	"Starttid"	"Hora de comienzo"
"Category.m62"	"m62"	"m62"	"m62"	"m62"
"CategoryLong.fgt69"	"Women over 69kg"	"Femmes plus de 69kg"	"Kvinder over 69kg"	"Femenino más de 69kg"
"WeighInList.ClearAthletes"	"WARNING: This will delete all the athletes currently listed. THIS CANNOT BE UNDONE."	"ATTENTION : Ceci va effacer tous les athlètes actuellement listés. CETTE ACTION NE POURRA PAS ÊTRE RENVERSÉE."	"WARNING: This will delete all the athletes currently listed. THIS CANNOT BE UNDONE."	"WARNING: This will delete all the athletes currently listed. THIS CANNOT BE UNDONE."
"RuleViolation.rule15_20Violated"	"Starting weight rule violation: Missing {5}kg."	"Violation de la règle des poids initiaux: Il manque {5}kg."	"Overtrædelse af reglen om indledende vægte: Der mangler {5}kg."	"Violación de la regla de pesos iniciales: Faltan {5}kg."
"LocalizedSystemMessages.sessionExpiredCaption"	"Session Expired"	"Groupe terminé"	"Session udløbet"	"Sesión caducada"
"ResultFrame.Waiting"	"En attente - Waiting"	"En attente - Waiting"	"Afventer"	"En espera"
"LifterCardEditor.ok"	"OK"	"OK"	"OK"	"OK"
"Category.m94"	"m94"	"m94"	"m94"	"m94"
"Lifter.change1"	"First Change"	"1er changement"	"Første Øgning"	"1er cambio"
"Lifter.lastName"	"Last Name"	"Nom"	"Efternavn"	"Apellido"
"Lifter.change2"	"Second Change"	"2e changement"	"Anden Øgning"	"2do Cambio"
"CategoryLong.mgt85"	"Men over 85kg"	"Hommes plus de 85kg"	"Mænd over 85kg"	"Masculino más de 85kg"
"LiftList.MARSHALL"	"Marshall"	"Préposé"	"Marshall"	"Monitor"
"ResultFrame.GroupFormat"	"Group {0}"	"Groupe {0}"	"Gruppe {0}"	"Sesión {0}"
"LifterInfo.Failed"	"Failed"	"Non-réussi"	"Underkendt"	"Nulo"
"CompetitionBook.MWCT_LeftHeader"	"Team Ranking (Snatch+CJ+Total)"	"Classement par équipes (Arr.+É.J.+Total)"	"Hold Placering (Træk+Stød+Tokamp)"	"Clasificación por equipos (Arr+DT+Total)"
"FieldName.jury"	"Jury"	"Jury"	"Jury"	"Jurado"
"CompetitionBook.MR_RightHeader"	"Men"	"Hommes - Men"	"Mænd"	"Masculino"
"CompetitionBook.MS_RightHeader"	"Men"	"Hommes - Men"	"Mænd"	"Masculino"
"LoadComputer.MetalPlates"	"Metal Plates"	"Plaques de métal"	"Små skiver"	"Pesas de metal"
"LoadComputer.Hide"	"Image"	"Image"	"Billed"	"Imagen"
"FieldName.weighInTime"	"Weigh-In Time"	"Heure de pesée"	"Indvejningstidspunkt"	"Hora de pesaje"
"Common.done"	"Done"	"OK"	"Færdig"	"OK"
"Common.cleanJerk"	"Clean and Jerk"	"Épaulé-jeté"	"Stød"	"Dos Tiempos"
"LifterInfo.Done"	"Group {0} done."	"Groupe {0} terminé."	"Gruppe {0} afsluttet."	"Sesion {0} terminada."
"Category.m85"	"m85"	"m85"	"m85"	"m85"
"Lifter.cleanJerkAttemptsDone"	"Clean&Jerk Attempts Done"	"Épaulés-jetés effectués"	"Stød forsøg afsluttet"	"Intentos Dos Tiempos"
"CompetitionBook.MT_RightHeader"	"Men"	"Hommes - Men"	"Mænd"	"Masculino"
"CategoryLong.mgt94"	"Men over 94kg"	"Hommes plus de 94kg"	"Mænd over 94kg"	"Masculino más de 94kg"
"Common.cancel"	"Cancel"	"Annuler"	"Annuller"	"Cancelar"
"Field.CountdownField.endTime"	"End Time for Pause"	"Heure de fin de la pause"	"Sluttid for Pause"	"Tiempo final de la pausa"
"CompetitionApplication.JuryLights"	"Jury Display"	"Affichage Jury"	"Jury Display"	"Pantalla del Jurado"
"Lifter.sinclair"	"Sinclair"	"Sinclair"	"Sinclair"	"Sinclair"
"MobileMenu.Display"	"Display"	"Afficher"	"Display"	"Marcador"
"Lifter.bodyWeight"	"Body Weight"	"Poids"	"Vægt"	"Peso corporal"
"CategoryLong.m77"	"Men 77kg"	"Hommes 77kg"	"Mænd 77kg"	"Masculino 77kg"
"CompetitionApplicationComponents.MustDefineAtLeastOnePlatform"	"Please define at least one platform"	"Il faut définir au moins une plateforme"	"Definér mindst én platform"	"Define por lo menos una tarima, por favor"
"Lifter.sinclairCat"	"Cat. Sinclair."	"Cat. Sinclair."	"Vægtkl. Sinclair."	"Cat. Sinclair."
"TimeStoppedNotificationReason.FORCE_AS_CURRENT"	"Current athlete selected explicitly."	"Leveur courant choisi explicitement."	"Nuværende løfter valgt eksplicit."	"Levantador actual seleccionado explicitamente."
"GroupList.clear"	"Delete lifters"	"Détruire les leveurs"	"Slet løftere"	"Borrar levantadores"
"Competition.enforce15_20KgRule"	"Apply initial total weight rule (IWF §6.6.5/Masters §2.4)?"	"Appliquer la règle de poids total initial (IWF §6.6.5/Masters §2.4)?"	"Brug indledende totalvægtregel (IWF §6.6.5/Masters §2.4)?"	"Aplicar regla de peso total inicial (IWF §6.6.5/Masters §2.4)?"
"TimekeeperPad.STOP"	"STOP"	"STOP"	"STOP"	"STOP"
"CategoryLong.m85"	"Men 85kg"	"Hommes 85kg"	"Mænd 85kg"	"Masculino 85kg"
"CategoryEditor.Active"	"Active"	"Actif"	"Aktiv"	"Activo"
"FieldName.announcer"	"Announcer"	"Annonceur"	"Speaker"	"Presentador"
"CompetitionApplication.SocketException"	"Warning: SocketException in CommunicationManager"	"! Exception «SocketException» dans «CommunicationManager»"	"Warning: SocketException in CommunicationManager"	"Atención: «SocketException» en «CommunicationManager»"
"CompetionBook.AT"	"M+F Team"	"Équipe M+F"	"M+F Hold"	"Equipo M+F"
"TimeStoppedNotificationReason.UNKNOWN"	"Unknown reason."	"«««««raison indéterminée."	"Unknown reason."	"Razón indeterminada."
"Lifter.club"	"Team"	"Équipe"	"Hold"	"Equipo"
"LiftList.TIMEKEEPER"	"Timekeeper"	"Chronométreur"	"Tidtager"	"Cronómetro"
"Lifter.total"	"Total"	"Total"	"Tokamp"	"Total"
"CategoryEditor.minimumWeight"	"Minimum Weight"	"Poids minimum"	"Minimum vægt"	"Peso Mínimo"
"PublicAddress.display"	"Display Message"	"Montrer message"	"Vis Besked"	"Mostrar mensaje"
"WeighInList.JuryPrefix"	"jury_"	"jury_"	"jury_"	"jurado_"
"CompetitionApplication.Title"	"Weightlifting Competition Management Application"	"Gestion de compétition"	"Weightlifting Competition Management Application"	"Aplicación de Gestión para Competiciónes de Halterofilia"
"WeighInList.adminTitle"	"Registrations"	"Inscriptions"	"Registreringer"	"Inscripciones"
"WeighInList.ClearLifts"	"WARNING: This will remove all the lift values for the athletes currently listed. THIS CANNOT BE UNDONE."	"ATTENTION : Ceci va effacer tous les levers pour les athlètes actuellement listés. CETTE ACTION NE POURRA PAS ÊTRE RENVERSÉE."	"WARNING: This will remove all the lift values for the athletes currently listed. THIS CANNOT BE UNDONE."	"WARNING: This will delete all the athletes currently listed. THIS CANNOT BE UNDONE."
"CompetitionApplication.SinclairBoard"	"Sinclair Display"	"Classement Sinclair"	"Sinclair Display"	"Pantalla Sinclair"
"CompetitionBook.WXT_LeftHeader"	"Team  Ranking (Custom)"	"Classement par équipes (Spécial) - Team Ranking (Custom)"	"Hold Placering (Speciel)"	"Puntuación por equipos (Personalizado)"
"LoadComputer.Bar"	"Bar"	"Barre"	"Stang"	"Barra"
"CategoryLong.m51"	"Men 51kg"	"Hommes 51kg"	"Mænd 51kg"	"Masculino 51kg"
"Lifter.bestSnatch"	"Best Snatch"	"Meilleur arraché"	"Bedste Træk"	"Mejor Arrancada"
"CompetitionApplication.SummaryLiftOrder"	"Lifting Order"	"Ordre de passage"	"Rækkefølge"	"Orden de Alzadas"
"GroupData.UserHasBeenDeleted"	"Lifter has been deleted. Announcer should refresh."	"Le leveur a été détruit. L'annonceur devrait rafraîchir."	"Løfteren er slettet. Speaker bør trykke refresh."	"El levantador ha sido borrado. El presentador debería refrescar."
"CategoryLong.m56"	"Men 56kg"	"Hommes 56kg"	"Mænd 56kg"	"Masculino 56kg"
"WeighInList.clearStartNumbers"	"Clear Start Num"	"Vider № départ"	"Ryd Start Nummer"	"Limpiar Nº inicio"
"Common.shortCleanJerk"	"C.&J."	"É.-J."	"Stød"	"D.T."
"WeighInList.sessionRequired"	"A group must be selected."	"Il faut choisir un groupe."	"Der skal først vælges en gruppe."	"Debe seleccionarse alguna tanda."
"AnnouncerView.selectPlatformFirst"	"Please select a platform first"	"Il faut d''abord choisir la plateforme"	"Vælg platform først"	"Por favor, selecciona primero una tarima"
"Common.noneSelected"	"-"	"-"	"-"	"-"
"Lifter.nextRequestedWeight"	"Next Lift"	"Demandé"	"Næste Løft"	"Peso solicitado"
"CompetitionBook.WCT"	"Women - Combined Score"	"Femmes - Pointage Combiné"	"Kvinder - Combined Score"	"Femenino - Puntuación Combinada"
"GroupList.Groups"	"Groups"	"Groupes"	"Grupper"	"Tandas"
"CategoryLong.m62"	"Men 62kg"	"Hommes 62kg"	"Mænd 62kg"	"Masculino 62kg"
"WeighInList.deleteLifters"	"Delete athletes"	"Détruire athlètes"	"Slet løftere"	"Borrar atletas"
"WeighInList.LifterCardsButton"	"Cards"	"Cartons"	"Atlet Kort"	"Tarjetas"
"Platform.speakers"	"Audio Output"	"Sortie Audio"	"Audio Output"	"Salida Audio"
"CompetitionBook.M6_RightHeader"	"Men"	"Hommes - Men"	"Mænd"	"Masculino"
"CategoryLong.m69"	"Men 69kg"	"Hommes 69kg"	"Mænd 69kg"	"Masculino 69kg"
"CompetitionApplication.Display.s4_3"	"Small"	"Petit"	"Small"	"Pequeño"
"ResultFrame.Done"	"Group {0}"	"Groupe {0}"	"Gruppe {0}"	"Tanda {0} "
"Competition.competitionName"	"Competition"	"Compétition"	"Stævne"	"Competición"
"TimeStoppedNotificationReason.LIFTER_WITHDRAWAL"	"Withdrawal of athlete."	"Retrait d'un athlète."	"Løfteren afstår."	"Retiro del levantador."
"TimeStoppedNotificationReason.NotificationFormatShort"	"{0} - {2} {1} {3}"	"{0} - {2} {1} {3}"	"{0} - {2} {1} {3}"	"{0} - {2} {1} {3}"
"Field.CountdownField.requestedSeconds"	"Duration of pause (mm:ss)"	"Durée de la pause (mm:ss)"	"Pausens varighed (mm:ss)"	"Duración de la pausa (mm:ss)"
"TimeStoppedNotificationReason.NOT_ANNOUNCED"	"Athlete was not announced."	"L'athlète n'avait pas été annoncé."	"Løfteren var ikke annonceret."	"El levantador no ha sido llamado."
"LocalizedSystemMessages.communicationErrorMessage"	"<center>Display will be restored as soon as possible. <u>Refresh</u></center>"	"<center>L'affichage sera rétabli dès que possible. <u>Rétablir</u></center>"	"<center>Display will be restored as soon as possible. <u>Refresh</u></center>"	"<center>El marcador sera restablecido lo antes posible. <u>Refrescar</u></center>"
"CompetitionBook.C_LeftHeader"	"Competition Information"	"Informations sur la compétition"	"Stævneinformation"	"Información de la competición"
"TryFormatter.Done"	"Done"	"Terminé"	"Afsluttet"	"Hecho"
"CompetionBook.FS"	"Women's Sinclair"	"Femmes Sinclair"	"Sinclair kvinder"	"Sinclair Femenino"
"CompetionBook.FT"	"Women's Team"	"Femmes Équipe"	"Hold kvinder"	"Equipo Femenino"
"GroupList.erased"	"{0} athletes deleted."	"{0} leveurs effacés."	"{0} løftere slettet."	"{0} levantadores borrados."
"FieldName.technicalController"	"Technical Controller"	"Contrôleur Technique"	"Teknisk kontrollant"	"Controlador Técnico"
"LifterInfo.Announce"	"Announce"	"Annoncer"	"Annoncér"	"Anunciar"
"LiftList.LiftingOrder"	"Lifting Order"	"Ordre de passage"	"Rækkefølge"	"Orden de pesaje"
"LifterInfo.tryNumber"	"{0}<sup>{0,choice,1#st|2#nd|3#rd}</sup> {1} Attempt"	"{0}<sup>{0,choice,1#er|2#e|3#e}</sup> essai {1}"	"{0}<sup>{0,choice,1#.|2#.|3#.}</sup> {1} Forsøg"	"{0}<sup>{0,choice,1#er|2#ndo|3#er}</sup> {1} intento"
"CompetitionApplicationComponents.PlatformNotFound"	"Platform ''{0}'' not found"	"La platforme ''{0}'' n''existe pas"	"Platform ''{0}'' ikke fundet"	"Tarima ''{0}'' no existe"
"Platform.showTimer"	"Show Timer?"	"Montrer Chrono?"	"Vis Timer?"	"Mostrar cronómetro?"
"SpreadsheetUploader.UploadingFailure"	"Uploading of file ""{0}"" of type ""{1}"" failed."	"Le chargement du fichier «{0}» de type «{1}» a échoué."	"Upload af filen ""{0}"" af type ""{1}"" fejlede."	"La subida del archivo ""{0}"" del tipo ""{1}"" ha fallado."
"Lifter.category"	"Category"	"Cat."	"Vægtklasse"	"Categoría"
"WeighInList.StartListPrefix"	"startList_"	"inscriptions_"	"startliste_"	"inscripciones_"
"RefereeConsole.decisionRequired"	"Waiting for Your Decision"	"En attente de votre décision"	"Afventer din beslutning"	"Esperando a su decisión"
"CompetitionBook.WCT_RightHeader"	"Women"	"Femmes - Women"	"Kvinder"	"Femenino"
"ResultList.attemptsDone"	"{0,choice,0#No attempts done.|1#1 attempt done.|1<{0} attempts done.}"	"{0,choice,0#Aucun essai effectué|1#1 essai effectué|1<{0} essais effectués}"	"{0,choice,0#Ingen forsøg afsluttet.|1#1 forsøg afsluttet.|1<{0} forsøg afsluttet.}"	"{0,choice,0#Ningún intento realizado.|1#1 intento realizado.|1<{0} intentos realizados.}"
"MobileMenu.JuryDecisions"	"Jury Decisions"	"Décisions du jury"	"Jury Afgørelse"	"Decisiones del jurado"
"Field.CountdownField.runningTimer"	"Remaining Time"	"Temps restant"	"Resterende Tid"	"Tiempo restante"
"ResultList.ResultsPrefix"	"results_"	"résultats_"	"resultater_"	"resultados_"
"Field.CountdownField.endTimeDescription"	"Enter at what time the pause ends (competition resumes). You may use the other field to set a fixed-duration pause."	"Choisir l'heure de la fin de la pause (reprise de la compétition). Vous pouvez utiliser l'autre champ s'il s'agit d'une pause de durée déterminée."	"Indtast sluttidspunkt for pause (konkurrencen genoptages). Brug evt. det andet felt til at vælge fast-tid pause."	"Introduce a que hora termina la pausa (reanuda la competición). Puedes usar el otro campo para establecer una pausa de duración determinada."
"CompetionBook.F6"	"Women's Results"	"Femmes 6 essais"	"Resultat kvinder"	"Resultados Femenino"
"WeighInList.CardsPrefix"	"cards_"	"cartons_"	"AtletKort_"	"tarjetas_"
"MobileMenu.PlatesTitle"	"Plates"	"Plates"	"Skiver"	"Pesas"
"Competition.competitionSite"	"Site"	"Site"	"Lokalitet"	"Lugar"
"RuleViolation.declaredChangesNotOk"	"Lift {0} : Value {1} for changes must be greater than or equal to the automatic progression ({2}).<br/>Value must be at least equal to {2}"	"Lever {0} : Le changement {1} doit être plus grand ou égal au poids de la progression automatique ({2}).<br/>Fournir un nombre plus grand ou égal à {2}"	"Løft {0} : Værdi {1} for øgning skal være større end eller lig den automatiske øgning ({2}).<br/>Værdien skal være mindst {2}"	"Alzada {0} : El valor {1} para los cambios debe ser mayor o igual que la progresión automática ({2}).<br/>El valor debe ser al menos igual que {2}"
"Common.deleteThisRow"	"Delete This Row"	"Détruire cette rangée"	"Slet række"	"Eliminar Esta Fila"
"LocalizedSystemMessages.internalErrorMessage"	"Please notify the administrator.<br/>Take note of any unsaved data, and <u>click here</u> to continue."	"<center>L'affichage sera rétabli dès que possible. <u>Rétablir</u></center>"	"Please notify the administrator.<br/>Take note of any unsaved data, and <u>click here</u> to continue."	"Por favor, contacta con el administrador.<br/>Anota cualquier dato sin guardar, y haz <u>click aquí</u> para continuar."
"Lifter.teamMember"	"Team Member"	"Participant"	"Hold deltager"	"Participante"
"AttemptBoard.Done"	"Group {0} done."	"Groupe {0} terminé."	"Gruppe {0} afsluttet."	"Sesión {0} terminada."
"CompetitionApplication.Display.tv"	"TV"	"Télé"	"TV"	"TV"
"CategoryLong.m94"	"Men 94kg"	"Hommes 94kg"	"Mænd 94kg"	"Masculino 94kg"
"CompetitionApplication.Referee"	"Referee"	"Arbitre"	"Dommer"	"Juez"
"CommonColumnGenerator.InvitedAbbreviation"	"inv."	"inv."	"inv."	"inv."
"FieldName.referee3"	"Referee 3"	"Arbitre 3"	"Dommer 3"	"Juez 3"
"Common.addRow"	"Add New Row"	"Ajouter une rangée"	"Tilføj række"	"Añadir Nueva Fila"
"FieldName.referee2"	"Referee 2"	"Arbitre 2"	"Dommer 2"	"Juez 2"
"CompetitionBook.WR_RightHeader"	"Women"	"Femmes - Women"	"Kvinder"	"Femenino"
"FieldName.referee1"	"Referee 1"	"Arbitre 1"	"Dommer 1"	"Juez 1"
"Group.categories"	"Categories"	"Catégories"	"Vægtklasser"	"Categorías"
"LifterInfo.NotAnnounced"	"!"	"!"	"!"	"!"
"Field.CountdownField.clear"	"End Pause"	"Fin de pause"	"Afslut Pause"	"Finalizar pausa"
"MobileMenu.Plates"	"Plates"	"Plaques"	"Skiver"	"Pesas"
"CategoryLong.m105"	"Men 105kg"	"Hommes 105kg"	"Mænd 105kg"	"Masculino 105kg"
"CompetitionBook.MWCT"	"Men&Women - Combined Score"	"Hommes et Femmes - Pointage Combiné"	"Mænd&Kvinder - Kombineret Score"	"Masculino y Femenino - Puntuación Combinada"
"MobileMenu.RefDecisions"	"Referee Decisions"	"Décisions des officiels"	"Dommer Afgørelse"	"Decisiones de los jueces"
"CommonFieldFactory.listSeparator"	","	","	", "	","
"CompetitionApplication.SimpleDisplay"	"Main Display without requested weight"	"Tableau principal sans barre demandée"	"Hoved Display uden ønsket vægt"	"Pantalla Principal sin peso pedido"
"TimeStoppedNotificationReason.CURRENT_LIFTER_CHANGE_DONE"	"New requested weight for current athlete"	"Nouveau poids demandé pour athlète courant"	"Ny vægt for nuværende løfter"	"Nuevo peso solicitado para el levantador actual"
"Lifter.cleanJerk1Declaration"	"Initial Clean&Jerk"	"É.-J."	"Første Stød"	"DT inicial"
"Lifter.nextAttemptRequestedWeight"	"Next Weight to be Loaded"	"Prochain poids à être chargé"	"Næste Vægt"	"Siguiente peso en la barra"
"SpreadsheetUploader.ChooseFile"	"Click 'Choose File' to select a file and then click 'Upload Now'."	"Choisissez un fichier puis cliquez sur 'Charger'."	"Klik 'Vælg Fil' for at udpege en fil or derefter 'Upload Nu'."	"Selecciona un archivo y haz click en ""Subir""."
"CompetionBook.CT"	"Combined Team"	"Combiné Équipe"	"Kombineret Hold"	"Equipo Combinado"
"Lifter.qualifyingTotal"	"Entry"	"Entrée"	"Tilm."	"Entry"
"SpreadsheetUploader.UploadNow"	"Upload a Registration File"	"Charger un fichier d'inscription"	"Upload en Registreringfil"	"Subir una ficha de inscripción"
"CompetitionApplication.ResultBoard"	"Results"	"Résultats"	"Resultater"	"Resultados"
"LiftList.publicAddress"	"Break"	"Pause"	"Pause"	"Pausa"
"Decision.noLift"	"<b>NO LIFT</b> for {0} - {1}kg"	"Lever <b>REFUSÉ</b> pour {0} - {1}kg"	"<b>UNDERKENDT</b> for {0} - {1}kg"	"Levantamiento <b>NULO</b> por {0} - {1}kg"
"CompetitionApplication.Console"	"Console"	"Console"	"Konsol"	"Consola"
"CategoryLong.mgt105"	"Men over 105kg"	"Hommes plus de 105kg"	"Mænd over 105kg"	"Masculino más de 105kg"
"PublicAddressForm.notAnInteger"	"Please enter a number or leave empty."	"Entrez un nombre ou laissez vide."	"Indtast tal eller lad stå tom."	"Por favor, introduzca un número o déjalo vacio."
"CompetitionApplication.TimeKeeper"	"Timekeeper"	"Chronométreur"	"Tidtager"	"Cronómetro"
"ResultFrame.tryNumber"	"{0}<sup>{0,choice,1#st|2#nd|3#rd}</sup> {1}"	"{0}<sup>{0,choice,1#er|2#e|3#e}</sup> {1}"	"{0}<sup>{0,choice,1#.|2#.|3#.}</sup> {1}"	"{0}<sup>{0,choice,1#ero|2#ndo|3#ero}</sup> {1}"
"CompetitionBook.WCT_LeftHeader"	"Team Ranking (Snatch+CJ+Total)"	"Classement par équipes (Arr.+É.J.+Total) - Team Ranking (Snatch+CJ+Total)"	"Hold Placering (Træk+Stød+Tokamp)"	"Clasificación por equipos (Arr+DT+Total)"
"WeighInList.WeighInPrefix"	"startingWeights_"	"poidsDépart_"	"startVægte_"	"pesosIniciales_"
"CompetitionBook.W6_RightHeader"	"Women"	"Femmes - Women"	"Kvinder"	"Femenino"
"FieldName.message"	"Message"	"Message"	"Besked"	"Mensaje"
"WeighInList.title"	"Weigh-in"	"Pesée"	"Indvejning"	"Pesaje"
"CompetitionApplication.Refereeing"	"Refereeing	"	"Arbitrage"	"Displays	"	"Arbitraje"
"WeighInList.drawLots"	"Draw lot numbers"	"Tirage au sort"	"Tildel lodt. numre"	"Números aleatorios"
"LocalizedSystemMessages.outOfSyncMessage"	"Something has caused us to be out of sync with the server.<br/>Take note of any unsaved data, and <u>click here</u> to re-sync."	"Vous avez probablement lancé une deuxième fenêtre de navigation.<br/>Notez vos derniers changements et <u>cliquez ici</u> pour re-synchroniser."	"Something has caused us to be out of sync with the server.<br/>Take note of any unsaved data, and <u>click here</u> to re-sync."	"Algo ha causado una perdida de sincronización con el servidor.<br/>Anota cualquier dato no guardado, y haz <u>click aquí</u> para resincronizar."
"RuleViolation.declarationValueTooSmall"	"Lift {0} : Value {1} for declaration must be greater than or equal to the automatic progression ({2}).<br/>Value must be at least equal to {2}"	"Lever {0} : Le poids {1} déclaré doit être plus grand ou égal au poids de la progression automatique ({2}).<br/>Fournir un nombre plus grand ou égal à {2}"	"Løft {0} : Værdi {1} skal være større end eller lig den automatiske øgning ({2}).<br/>Værdien skal være mindst {2}"	"Alzada {0} : El valor {1} declarado debe ser mayor o igual que la progresión automática ({2}).<br/>El valor debe ser al menos igual que {2}"
"Lifter.fullBirthDate"	"Birth Date"	"Date naissance"	"Født"	"Fecha de nacimiento"
"CompetitionApplication.Changes"	"Marshall/Record Keeper"	"Changements/Marqueur"	"Marshall/Øgestation"	"Cambios/Registro"
"CommonFieldFactory.youMustSelectACategory"	"You must select a category"	"Veuillez choisir une catégorie"	"Du skal vælge en vægtklasse"	"Debes seleccionar una categoría"
"CompetitionApplication.Load"	"Plates"	"Plaques"	"Skiver"	"Pesas"
"FieldName.endHour"	"Target Hour"	"Heure Cible"	"Antal Timer"	"Hora final"
"CategoryEditor.name"	"Name"	"Nom"	"Navn"	"Nombre"
"Lifter.declaration"	"Declared Weight"	"Poids déclaré"	"Annonceret vægt"	"Peso pedido"
"WeighInList.StartingWeightSheet"	"Starting Weights"	"Barres de départ"	"Startvægte"	"Pesos iniciales"
"WeighInList.resetLifters"	"Clear Lifts"	"Effacer les levers"	"Ryd løft"	"Limpiar alzadas"
"Lifter.lastLiftTime"	"Time of Last Lift"	"Heure du dernier lever"	"Tid for seneste løft"	"Hora de última alzada"
"MobileMenu.Platforms"	"Platforms"	"Plateaux"	"Platforme"	"Tarimas"
"Competition.competitionDate"	"Date"	"Date"	"Dato"	"Fecha"
"Category.m51"	"m51"	"m51"	"m51"	"m51"
"CategoryEditor.ageDivision"	"Age Division"	"Groupes d'âge"	"Aldesgruppe"	"Grupos per edades"
"Category.m56"	"m56"	"m56"	"m56"	"m56"
"Competition.federationAddress"	"Federation Address"	"Adresse de la fédération"	"Forbundsadresse"	"Dirección de la federación"
"CompetitionApplication.Display.dlp"	"Pale"	"Pâle"	"DLP"	"DLP"
"TimekeeperPad.GO"	"GO"	"GO"	"GO"	"GO"
"LiftList.colon"	":"	" :"	":"	":"
"ResultList.title"	"Results"	"Résultats"	"Resultater"	"Resultados"
"JuryList.JurySheet"	"Jury Sheet"	"Feuille de jury"	"Jury Ark"	"Hoja del jurado"
"CompetitionBook.MT_LeftHeader"	"Team Ranking (Total)"	"Classement par équipes (Total) - Team Ranking (Total)"	"Hold Placering (Total)"	"Clasificación por equipos (Total)"
"CompetitionBook.WR_LeftHeader"	"Robi Ranking"	"Classement Robi - Robi Ranking"	"Robi Placering"	"Clasificación Robi"
"CompetitionApplicationComponents.ViewNotFound"	"view not found:"	"Vue non trouvée"	"view ikke fundet: "	"vista no encontrada:"
"ItemAdapter.ItemHasNoAttachedObject"	"Item has no attached object"	"L'item n'a pas d'objet associé"	"Item has no attached object"	"El objeto no tiene ningún otro objeto asociado"
"Lifter.totalRank"	"Rank"	"Rang"	"Placering"	"Posición"
"Common.edit"	"Edit"	"Éditer"	"Ret"	"Editar"
"CompetitionBook.MWT_RightHeader"	"Men and Women"	"Hommes et Femmes - Men and Women"	"Mænd og Kvinder"	"Masculino y Femenino"
"Common.unknown"	"?"	"?"	"?"	"?"
"CompetitionBook.M6_LeftHeader"	"Category Ranking"	"Classement par catégories - Category Ranking"	"Vægtklasse Placering"	"Clasificación por categorías"
"Category.m46"	"m46"	"m46"	"m46"	"m46"
"CategoryLong.f58"	"Women 58kg"	"Femmes 58kg"	"Kvinder 58kg"	"Femenino 58kg"
"PlatformList.MustNotBeInUse"	"There cannot be any group assigned to the platform.  Go to the Groups page and check that all Groups are assigned to other platforms."	"Il ne peut pas y avoir de groupess associés à la plateforme. Allez à la page de gestion des groupes et vérifiez que tous les groupes sont associés à d'autres plateformes."	"Der kan ikke tilknyttes en gruppe til platformen.  Gå til Gruppe siden og undersøg om alle grupper er tilknyttet andre platforme."	"No puede haber ninguna tanda asignada a la tarima. Ve a la página de Tandas y comprueba que todas las tandas están asignadas a otras tarimas."
"CategoryLong.f53"	"Women 53kg"	"Femmes 53kg"	"Kvinder 53kg"	"Femenino 43kg"
"LoadComputer.Show"	"Plates"	"Plaques"	"Skiver"	"Pesas"
"LocalizedSystemMessages.sessionExpiredMessage"	"Take note of any unsaved data, and <u>click here</u> to continue."	"Le serveur a été redémarré ou vous avez dépassé le délai d'inactivité.<br>Notez vos derniers changements et <u>cliquez ici</u> pour continuer."	"Take note of any unsaved data, and <u>click here</u> to continue."	"Anota cualquier dato no guardado, y haz <u>click aquí</u> para continuar."
"Category.f90"	"f90"	"f90"	"f90"	"f90"
"Restart.ConfirmationDialogTitle"	"Confirmation"	"Confirmation"	"Bekræft"	"Confirmación"
"Competition.federationEMail"	"Federation e-mail"	"Courriel de la fédération"	"Forbunds e-mail"	"E-mail de la federación"
"CompetitionApplication.LiftOrder"	"Lifting Order (with results)"	"Ordre de passage (avec résultats)"	"Rækkefølge (med resultater)"	"Orden de Alzada (con resultados)"
"Lifter.bestCleanJerk"	"Best Clean&Jerk"	"Meilleur épaulé-jeté"	"Bedste Stød"	"Mejor Dos Tiempos"
"CompetitionApplication.Projectors"	"Projectors"	"Projecteurs"	"Projektorer"	"Proyectores"
"CategoryLong.f69"	"Women 69kg"	"Femmes 69kg"	"Kvinder 69kg"	"Femenino 69kg"
"About.menu"	"About"	"À propos"	"Om"	"Acerca de"
"Platform.showDecisionLights"	"Show decisions on projectors?"	"Afficher décisions sur projecteurs?"	"Vis afgørelser på projektorer?"	"Mostrar decisiones en el proyector?"
"CompetitionBook.MCT"	"Men - Combined Score"	"Hommes - Pointage Combiné"	"Mænd - Kombineret Score"	""
"RuleViolation.liftValueNotWhatWasRequested"	"Lift {0} : Value {1} for lift must match requested amount ({2}).<br/>Value must be {2} or -{2}"	"Lever {0} : Le poids {1} du lever doit correspondre au poids demandé ({2}).<br/>Le nombre doit être {2} or -{2}"	"Løft {0} : Værdi {1} for løft skal matche det opgivede ({2}).<br/>Værdien skal være {2} eller -{2}"	"Alzada {0} : El valor {1} para la alzada debe coincidir con el valor solicitado ({2}).<br/>El valor debe ser {2} o -{2}"
"CompetionBook.MS"	"Men's Sinclair"	"Hommes Sinclair"	"Sinclair mænd"	"Sinclair Masculino"
"CompetionBook.MT"	"Men's Team"	"Hommes Équipe"	"Hold mænd"	"Equipo Masculino"
"MobileMenu.Jury"	"Jury"	"Jury"	"Jury"	"Jurado"
"Field.CountdownField.requestedSecondsDescription"	"Enter a duration in the format mm:ss (10:00 means 10 minutes).  You may omit the :00 if the pause is an even number of minutes."	"Entrez une durée dans le format mm:ss (10:00 veut dire 10 minutes). Vous pouvez omettre le :00 si la pause est un nombre entier de minutes."	"Indtast varighed i format mm:ss (10:00 betyder 10 minuter). Du kan udelade :00 hvis pausen er et lige antal minutter."	"Introduce una duración en formato mm:ss (10:00 significa 10 minutos). Puedes omitir la parte :00 si la pausa es de una cantidad entera de minutos."
"Common.emptyList"	" -"	" -"	" - "	" -"
"AttemptBoard.startNumberFormat"	"&nbsp;{0}&nbsp;"	"&nbsp;{0}&nbsp;"	"&nbsp;{0}&nbsp;"	"&nbsp;{0}&nbsp;"
"CategoryLong.f63"	"Women 63kg"	"Femmes 63kg"	"Kvinder 63kg"	"Femenino 63kg"
"CategoryEditor.gender"	"Gender"	"Genre"	"Køn"	"Genero"
"SpreadsheetUploader.NoSpreadsheetUploadedYet"	"No spreadsheet uploaded yet."	"Pas de fichier chargé."	"No spreadsheet uploaded yet."	"Aún no se ha subido ninguna hoja de cálculo."
"Lifter.missingKg"	"Missing"	"Manquant"	"Savnet"	"Falta"
"CategoryEditor.maximumWeight"	"Maximum Weight"	"Poids maximum"	"Maximum vægt"	"Peso Máximo"
"CompetitionBook.MXT_LeftHeader"	"Team  Ranking (Custom)"	"Classement par équipes (Spécial) - Team Ranking (Custom)"	"Hold Placering (Speciel)"	"Clasificación por equipos (Personalizada)"
"CompetitionApplication.PublicAttemptBoard"	"Attempt Board (Public-facing)"	"Essai courant (face au public)"	"Score Board (Publikum)"	"Panel de Intentos (cara al público)"
"ResultSheet.InvitedAbbreviation"	"inv."	"inv."	"inv."	"inv."
"Lifter.InvitedAbbreviated"	"inv."	"inv."	"inv."	"inv."
"Lifter.snatchAttemptsDone"	"Snatch Attempts Done"	"Arrachés effectués"	"Træk forsøg afsluttet"	"Arrancadas efectuadas"
"RefereeConsole.Jury"	"Jury"	"Jury"	"Jury"	"Jurado"
"CompetionBook.M6"	"Men's Results"	"Hommes 6 essais"	"Resultat mænd"	"Resultados Masculino"
"CommonColumnGenerator.1"	"generateCategoriesCell not implemented for this container type"	"generateCategoriesCell pas implanté pour le type de container"	"generateCategoriesCell not implemented for this container type"	"generateCategoriesCell no implementado para este tipo de contenedor"
"ResultList.TimingStatsPrefix"	"timing_"	"cadence_"	"timing_"	"Timing Stats"
"CommonColumnGenerator.0"	"generatePlatformCell not implemented for this container type"	"generatePlatformCell pas implanté pour le type de container"	"generatePlatformCell not implemented for this container type"	"generatePlatformCell no implementado para este tipo de contenedor"
"CompetitionApplication.ViewResults"	"Results"	"Résultats"	"Resultater"	"Resultados"
"LoadComputer.NonStandardBar"	"Other"	"Autre"	"Andet"	"Otra"
"Common.actions"	"Actions"	"Actions"	"Funktioner"	"Acciones"
"CompetitionBook.WXT"	"Women - Custom Score"	"Femmes - Pointage Spécial"	"Kvinder - Speciel Score"	"Femenino - Puntuación Personalizada"
"FieldName.platform"	"Platform"	"Plateau"	"Platform"	"Tarima"
"CompetitionBook.WXT_RightHeader"	"Women"	"Femmes - Women"	"Kvinder"	"Femenino"
"LifterInfo.StartTime"	"Start"	"Démarrer"	"Start"	"Comenzar"
"WeighInList.NoLifters"	"No lifters"	"Pas de leveurs"	"Ingen løftere"	"No hay levantadores"
"CompetitionBook.MWT_LeftHeader"	"Team Ranking (Total)"	"Classement par équipes (Total) - Team Ranking (Total)"	"Hold Placering (Total)"	"Clasificación por equipos (Total)"
"PublicAddress.clear"	"Hide Message"	"Cacher message"	"Skjul Besked"	"Ocultar mensaje"
"CategoryLong.f48"	"Women 48kg"	"Femmes 48kg"	"Kvinder 48kg"	"Femenino 48kg"
"CategoryLong.f44"	"Women 44kg"	"Femmes 44kg"	"Kvinder 44kg"	"Femenino 44kg"
"Field.CountdownField.caption"	"Pause Timekeeping"	"Temps de pause"	"Pause Tidtagning"	"Pausar temporizador"
"Competition.invitedIfBornBefore"	"Invited if born before"	"Invité si né avant"	"For løftere født før"	"Invitado si es nacido antes de"
"Lifter.actualLift"	"Weight Lifted"	"Poids de l'essai"	"Vægt Løftet"	"Peso actual"
"TryFormatter.shortSnatch"	" (Sn)"	" (Arr)"	" (Træk)"	" (Arr)"
"CategoryLong.f40"	"Women 40kg"	"Femmes 40kg"	"Kvinder 40kg"	"Femenino 40kg"
"Common.save"	"Save"	"Sauvegarder"	"Gem"	"Guardar"
"CompetitionBook.MXT_RightHeader"	"Men"	"Hommes - Men"	"Mænd"	"Masculino"
"Common.OK"	"OK"	"OK"	"OK"	"OK"
"Category.mgt105"	"m>105"	"m>105"	"m>105"	"m>105"
"CompetitionApplication.Groups"	"Groups"	"Groupes"	"Grupper"	"Sesiones"
"CompetitionApplication.Display.pale"	"Pale"	"Pâle"	"Pale"	"Tenue"
"CompetitionApplication.Results.Edit"	"Modify Results"	"Modifier résultats"	"Ændre resultater"	"Modificar los resultados"
"GroupList.GroupMustBeEmpty"	"Group must be empty before it can be deleted."	"Le groupe doit être vide avant qu'on puisse le détruire."	"Gruppe skal være tom før den kan slettes."	"La tanda debe de estar vacía antes de que pueda borrarse."
"Restart.Confirmation"	"This will restart the application and affect all connected users. Are you sure?"	"Ceci va redémarrer l'application et affectera tous les postes. Êtes-vous bien certain?"	"This will restart the application and affect all connected users. Are you sure?"	"Esto reiniciará la aplicación y afectará a todos los usuarios conectados. Está seguro/a?"
"FieldName.marshall"	"Marshall"	"Changements"	"Marshall"	"Cambios"
"CompetitionBook.WR"	"Women's Robi"	"Femmes Robi"	"Robi Kvinder"	"Robi Femenino"
"CompetitionBook.WS"	"Women's Sinclair"	"Femmes Sinclair"	"Sinclair Kvinder"	"Sinclair Femenino"
"CompetitionBook.WT"	"Women - Total Score"	"Femmes - Pointage Total"	"Kvinder - Total Score"	"Femenino - Puntuación Total"
"Competition.resultTemplateFileName"	"Competition Book Template"	"Gabarit pour cahier de compétition"	"Competition Book Template"	"Plantilla de fichero de competición"
"LifterInfo.StopTime"	"Stop"	"Arrêter"	"Stop"	"Parar"
"WeighInList.StartSheet"	"Start List"	"Liste de départ"	"Startliste"	"Lista de inicio"
"ResultList.NoResults"	"No Results"	"Pas de résultats à afficher."	"Ingen resultater"	"No hay resultados."
"CompetitionApplication.Results"	"Results"	"Résultats"	"Resultater"	"Resultados"
"Lifter.cleanJerk2"	"CJ2"	"ÉJ2"	"ST2"	"DT2"
"LifterInfo.automaticStartTime"	"Start time automatically"	"Démarrer lors de l'annonce"	"Start tid automatisk"	"Comenzar automáticamente"
"FieldName.title"	"Title"	"Titre"	"Titel"	"Título"
"Lifter.cleanJerk1"	"CJ1"	"ÉJ1"	"ST1"	"DT1"
"CompetitionBook.W6"	"Women's Results"	"Femmes 6 essais"	"Resultater Kvinder"	"Clasificación Femenina"
"CompetitionApplication.CurrentLifter"	"Current Lifter"	"Leveur courant"	"Nuværende Løfter"	"Levantador Actual"
"Lifter.cleanJerk3"	"CJ3"	"ÉJ3"	"ST3"	"DT3"
"Group.platform"	"Platform"	"Plateforme"	"Platform"	"Tarima"
"Lifter.attemptsDone"	"Attempts Done"	"Essais effectués"	"Forsøg Afsluttet"	"Intentos efectuados"
"TimeStoppedNotificationReason.REFEREE_DECISION"	"Time stopped because of referee decision (down signal)."	"Temps arrêté par décision des officiels (terre)."	"Tid stoppet pga. dommer afgørelse (ned signal)."	"El tiempo se paro debido a una decisión del juez (tierra)."
"FieldName.name"	"Name"	"Nom"	"Navn"	"Nombre"
"CompetitionApplication.BrowserClosedSession"	"The browser probably closed the connection."	" Le navigateur a probablement fermé la connexion."	" Most likely client (browser) closed socket."	" Probablemente el cliente (navegador) cerró el socket."
"LiftList.ANNOUNCER"	"Announcer"	"Annonceur"	"Speaker"	"Anunciador"
"Restart.InProgress"	"The restart signal has been given.  Please wait a few seconds and refresh all browser windows."	"Le signal de redémarrage a été donné.  Veuillez attendre quelque secondes puis rafraîchir tous les navigateurs connectés."	"The restart signal has been given. Please wait a few seconds and refresh all browser windows."	"Se ha dado la señal de reinicio. Por favor, espera unos segundos y refresca todas las ventanas del navegador."
"LifterInfo.actAsTimeKeeper"	"Stopwatch Buttons"	"Boutons du chronomètre"	"Stopurs Knapper"	"Botones de cronómetro"
"CategoryLong.f75"	"Women 75kg"	"Femmes 75kg"	"Kvinder 75kg"	"Femenino 75kg"
"ResultList.edit"	"Edit Group"	"Éditer le groupe"	"Ret gruppe"	"Editar tanda"
"Common.snatch"	"Snatch"	"Arraché"	"Træk"	"Arrancada"
"CommonFieldFactory.youMustSelectAGroup"	"You must select an existing Group."	"Veuillez choisir un groupe existant."	"Du skal vælge en eksisterende session."	"Debes seleccionar una sesión existente."
"FieldName.timeKeeper"	"Time Keeper"	"Chronométreur"	"Tidtager"	"Cronometrador"
"RefereeConsole.Referee"	"Referee"	"Arbitre"	"Dommer"	"Juez"
"LocalizedSystemMessages.communicationErrorCaption"	"Display is unavailable."	"Affichage non disponible."	"Display is unavailable."	"Marcador no disponible."
"CompetitionBook.MS_LeftHeader"	"Sinclair  Ranking"	"Classement Sinclair - Sinclair Ranking"	"Sinclair Placering"	"CLasificación Sinclair"
"CompetitionApplication.Results.DisplayPlatformResults"	"Follow Current Group - Platform {0}"	"Suivre groupe courant - Platforme {0}"	"Spor nuværende gruppe - Platform {0}"	"Seguir sesión actual - Plataforma {0}"
"LifterInfo.WeightChange"	"Weight Change"	"Changement"	"Vægt ændring"	"Cambio de peso"
"About.message"	"<center>Application URL for browsers: {5}<br/>Version {0}<br/>© 2009-2014 {1}<br/>{4}<br/><br/>Licensed under <a href=""http://www.mozilla.org/MPL/2.0/"">Mozilla Public License Version 2.0</a> (the ""License""); you may not use or distribute this application except in compliance with the License.  See the License for the specific language governing permissions and limitations under  the License.<br/><br/>Project Home Page and Source Code:<br/><a href=""{2}"" target=""_blank"">{3}</a><br/>Built with <a href=""http://vaadin.com"" target=""_blank"">Vaadin</a></center>"	"<center>URL pour navigateur web: {5}<br/>Version {0}<br/>© 2009-2014 {1}<br/>{4}<br/><br/>Conditions applicables: voir <a href=""http://www.mozilla.org/MPL/2.0/"">Mozilla Public License Version 2.0</a> (la ""Licence""); vous ne pouvez pas utiliser ou distribuer cette application autrement qu''en conformité avec la Licence.  Voir la Licence pour les permissions 
et limitations spécifiques qui en découlent.<br/><br/>Site Web et code source:<br/><a href=""{2}"" target=""_blank"">{3}</a><br/>Réalisé avec <a href=""http://vaadin.com"" target=""_blank"">Vaadin</a></center>"	"<center>Application URL for browsers: {5}<br/>Version {0}<br/>© 2009-2014 {1}<br/>{4}<br/><br/>Licensed under <a href=""http://www.mozilla.org/MPL/2.0/"">Mozilla Public License Version 2.0</a> (the ""License""); you may not use or distribute this application except in compliance with the License.  See the License for the specific language governing permissions and limitations under  the License.<br/><br/>Project Home Page and Source Code:<br/><a href=""{2}"" target=""_blank"">{3}</a><br/>Built with <a href=""http://vaadin.com"" target=""_blank"">Vaadin</a></center>"	"<center>URL de la aplicación para navegadores: {5}<br/>Versión {0}<br/>© 2009-2014 {1}<br/>{4}<br/><br/>Licenciado bajo <a href=""http://www.mozilla.org/MPL/2.0/"">Mozilla Public License Version 2.0</a> (la ""Licencia""); No debes usar o distribuir esta aplicación excepto bajo los terminos de la Licencia.  Vease la Licencia para obtener información específica de permisos y limitaciones sobre idiomas bajo la Licencia.<br/><br/>Página Principal y Código Fuente del proyecto:<br/><a href=""{2}"" target=""_blank"">{3}</a><br/>Desarrollado con <a href=""http://vaadin.com"" target=""_blank"">Vaadin</a></center>"
"CompetitionApplication.Upload"	"Upload"	"Chargement"	"Upload"	"Subir"
"CompetitionApplication.Decision"	"Decisions"	"Décisions"	"Afgørelse"	"Decision"
"CompetitionBook.WS_LeftHeader"	"Sinclair  Ranking"	"Classement Sinclair - Sinclair Ranking"	"Sinclair Placering"	"Clasificación Sinclair"
"CommonFieldFactory.badNumberFormat"	"Please enter a number"	"Veuillez entrer un nombre"	"Indtast nummer"	"Por favor, inserte un número"
"CompetitionBook.MCT_LeftHeader"	"Team Ranking (Snatch+CJ+Total)"	"Classement par équipes (Arr.+É.J.+Total) - Team Ranking (Total)"	"Hold Placering (Træk+Stød+Tokamp)"	"Clasificación por equipos (Arr+DT+Total)"
"LiftList.REFEREE"	"Referee"	"Arbitre"	"Dommer"	"Juez"
"FieldName.delay"	"Delay (minutes)"	"Délai (minutes)"	"Delay (minutter)"	"Retraso (minutos)"
"CompetitionApplication.Display.lcd"	"Bright"	"Brillant"	"LCD"	"LCD"
"ResultList.TimingStats"	"Timing Stats"	"Rapport cadence"	"Timing Stats"	"Timing Stats"
"CompetitionApplication.CurrentGroup"	"Current Group"	"Groupe courant"	"Nuværende gruppe"	"Sesión Actual"
"Common.kg"	"kg"	"kg"	"kg"	"kg"
"CompetitionBook.C"	"Competition"	"Compétition"	"Stævne"	"Competición"
"Lifter.gender"	"M/F"	"M/F"	"M/K"	"M/F"
"AttemptBoard.shortSnatch"	"Att."	"Arr."	"Træk"	"Arr."
"CompetitionApplication.Results.Display"	"Display and print results"	"Afficher et imprimer résultats"	"Vis og print resultater"	"Visualización e impresión de resultados
"
"Category.fgt63"	"f>63"	"f>63"	"f>63"	"f>63"
"ResultList.TeamPrefix"	"competitionBook_"	"compétition_"	"competitionBook_"	"competición_"
"About.urlUnknown"	"Could not be determined.<br/>Contact the person who installed the software.<br/>"	"N'a pas pu être déterminée.<br/>Contacter la personne qui a installé le logiciel.<br/>"	"Could not be determined.<br/>Contact the person who installed the software.<br/>
"	"No se pudo determinar.<br/>Contacte con la persona que instaló el software.<br/>"
"Category.fgt69"	"f>69"	"f>69"	"f>69"	"f>69"
"RuleViolation.liftValueTooSmall"	"Lift {0} : Value {1} for declarations and changes must be greater than or equal to the automatic progression ({2}).<br/>Value must be at least equal to {2}"	"Lever {0} : Le poids {1} de la déclaration et des changements doit être au moins égal à la progression automatique ({2}).<br/>Fournir un nombre plus grand ou égal à {2}"	"Løft {0} : Værdi {1} for ønsket vægt og øgninger skal være større end eller lig den automatiske øgning ({2}).<br/>Værdien skal være mindst {2}"	"Alzada {0} : El valor {1} para los pesos declarados y cambios debe ser mayor o igual que la progresión automática ({2}).<br/>El valor debe ser al menos igual que {2}"
"Competition.logo"	"Logo"	"Logo"	"Logo"	"Logo"
"AttemptBoard.Pause"	"Pause"	"Pause"	"Pause"	"Pausa"
"Competition.federation"	"Federation Name"	"Nom de la fédération"	"Forbundsnavn"	"Nombre de la federación"
"Competition.competitionCity"	"City"	"Ville"	"By"	"Ciudad"
"Lifter.automaticProgression"	"Automatic Progression"	"Progression automatique"	"Automatisk Øgning"	"Progresión automática"
"ResultList.ResultSheet"	"Result Sheet"	"Feuille de résultats"	"Resultark"	"Hoja de resultados"
"Lifter.lotNumber"	"Lot"	"Tirage"	"Lodt."	"Número"
"RuleViolation.liftValueBelowProgression"	"Lift {0} : Value {1} for lift must be greater than or equal to the automatic progression ({2}).<br/>Value must be at least equal to {2}"	"Lever {0} : Le lever ({1}) doit être plus grand ou égal au poids de la progression automatique ({2}).<br/>Fournir un nombre plus grand ou égal à {2}"	"Løft {0} : Værdi {1} for løft skal være større end eller lig den automatiske øgning ({2}).<br/>Værdien skal være mindst {2}"	"Alzada {0} : El valor {1} para la alzada debe ser mayor o igual que la progresión automática ({2}).<br/>El valor debe ser al menos igual que {2}"
"ResultList.Refresh"	"Reload"	"Rafraîchir"	"Reload"	"Refrescar"
"CompetitionApplication.ResourceNotFoundOnClassPath"	"Resource not found on classpath:"	"Ressource non-trouvée dans le classpath :"	"Resource not found on classpath: "	"Recurso no encontrado en classpath:"
"Category.fgt75"	"f>75"	"f>75"	"f>75"	"f>75"
"CompetitionApplication.Announcer"	"Announcer"	"Annonceur"	"Speaker"	"Anunciante"
"LifterCardEditor.Sticky"	"Pin to this lifter"	"Rester sur ce leveur"	"Sæt til denne løfter"	"Fijar a este levantador"
"LifterInfo.customScore"	"Score"	"Score"	"Score"	"Puntuación"
"WeighInList.assignStartNumbers"	"Assign Start Num"	"Assigner № départ"	"Tildel Start Nummer"	"Asignar Nº inicio"
"CompetitionBook.MCT_RightHeader"	"Men"	"Hommes - Men"	"Mænd"	"Masculino"
"CompetitionApplication.invalidURL"	"Invalid Address"	"Adresse invalide"	"Invalid Address"	"Dirección no Válida"
"Lifter.snatch1Declaration"	"Initial Snatch"	"Arr."	"Første Træk"	"Arrancada inicial"
"CompetitionApplication.Administration"	"Administration"	"Secrétariat"	"Administration"	"Secretaría"
"CompetitionApplication.DecisionLights"	"Referee Lights Testing"	"Essais des voyants"	"Dommer Lys Test"	"Test de Luces de Jueces"
"LocalizedSystemMessages.internalErrorCaption"	"Internal Error"	"Un problème technique est survenu."	"Internal Error"	"Error interno."
"CompetitionApplication.WeighIn"	"Weigh-ins"	"Pesées"	"Indvejning"	"Pesajes"
"MobileMenu.Timekeeper"	"Timekeeper"	"Chronométreur"	"Tidtager"	"Cronometrador"
"CategoryList.Categories"	"Categories"	"Catégories"	"Vægtklasser"	"Categorías"
"Category.fgt90"	"f>90"	"f>90"	"f>90"	"f>90"
"Field.CountdownField.stop"	"Stop"	"Arrêter"	"Stop"	"Detener"
"CompetitionBook.WT_RightHeader"	"Women"	"Femmes - Women"	"Kvinder"	"Femenino"
"CompetitionApplication.LifterAttemptBoard"	"Attempt Board (Lifter-facing)"	"Essai courant (face à l'athlète)"	"Score Board (Løfter)"	"Panel de Intentos (Cara al atleta)"
"Lifter.membership"	"Reg."	"Aff."	"Reg."	"Reg."
"Group.competitionTime"	"Competition Time"	"Heure de la compétition"	"Stævnetidspunkt"	"Hora de la competición"
"CompetitionBook.WS_RightHeader"	"Women"	"Femmes - Women"	"Kvinder"	"Femenino"
"FieldName.categories"	"Categories"	"Catégories"	"Vægtklasser"	"Categorías"
"StartSheet.TBA"	"To be announced/à déterminer"	"To be announced/à déterminer"	"To be announced/à déterminer"	"Pendiente de ser anunciado/sin determinar"
"Restart.Restart"	"Restart"	"Redémarrer"	"Genstart"	"Reiniciar"
"Decision.lift"	"<b>GOOD</b> lift for {0} - {1}kg"	"Lever <b>ACCEPTÉ</b> pour {0} - {1}kg"	"<b>GODKENDT</b> løft for {0} - {1}kg"	"Levantamiento <b>VÁLIDO</b> por {0} - {1}kg"
"OutputSheet.DateFormat"	"yyyy-MM-dd"	"yyyy-MM-dd"	"yyyy-MM-dd"	"dd-MM-yyyy"
"TimeStoppedNotificationReason.NO_TIMER"	"Timer was not running."	"Le chronomètre n'avait pas été démarré."	"Timer ikke sat i gang."	"El cronómetro no estaba en marcha."
"TimeStoppedNotificationReason.STOP_START_BUTTON"	"Stop button used on timer."	"Arrêt du chronomètre."	"Stop knap brugt for timer."	"Cronometro parado."
"LifterInfo.Withdraw"	"Withdraw"	"Abandon"	"Afstå"	"Renunciar"
"CompetitionApplication.MainBoard"	"Main Display"	"Tableau principal"	"Hoved Display"	"Pantalla Principal"
"SpreadsheetUploader.Status"	"File ""{0}"" of type ""{1}"" uploaded."	"Fichier «{0}» de type «{1}» chargé."	"Fil ""{0}"" af typen ""{1}"" uploaded."	"Archivo ""{0}"" del tipo ""{1}"" subido."
"RuleValidation.error"	"!"	"!"	"!"	"!"
"CompetitionApplication.invalidURLExplanation"	"The address must include /app/ (with a ""/"" after ""app"")"	"L'adresse doit inclure /app/ (avec un ""/"" après ""app"")"	"The address must include /app/ (with a ""/"" after ""app"")"	"La dirección debe incluir /app/ (con ""/"" después de ""app"")"
"CompetitionBook.MR_LeftHeader"	"Robi Ranking"	"Classement Robi - Robi Ranking"	"Robi Placering"	"CLasificación Robi"
"Lifter.liftTime"	"Time of Lift"	"Heure du lever"	"Tid for Løft"	"Hora de levantamiento"
"CompetitionBook.MWCT_RightHeader"	"Women"	"Femmes"	"Kvinder"	"Femenino"
"CategoryEditor.worldRecord"	"World Record"	"Record du monde"	"Verdensrekord"	"Récord mundial"
"Category.mgt94"	"m>94"	"m>94"	"m>94"	"m>94"
"LocalizedSystemMessages.outOfSyncCaption"	"Out of sync"	"Synchronisation perdue avec le serveur"	"Out of sync"	"Sincronización perdida con el servidor."
"Category.f53"	"f53"	"f53"	"f53"	"f53"
"CompetitionBook.W6_LeftHeader"	"Category Ranking"	"Classement par catégories - Category Ranking"	"Vægtklasse Placering"	"Clasificación por categorías"
"Category.f58"	"f58"	"f58"	"f58"	"f58"
"Common.shortSnatch"	"Snatch"	"Arr."	"Træk"	"Arr."
"Lifter.snatch3"	"SN3"	"Arr3"	"TR3"	"Arr3"
"Lifter.snatch1"	"SN1"	"Arr1"	"TR1"	"Arr1"
"Lifter.snatch2"	"SN2"	"Arr2"	"TR2"	"Arr2"
"RuleViolation.rule15_20Violated_old"	"Athlete {0} {1} [{2}]<br/>Starting weight rule violation: Missing {5}kg.<br/>Snatch = {3}, Clean&Jerk = {4}, Entry Total = {6}."	"Athlète {0} {1} [{2}]<br/>Violation de la règle des poids initiaux: Il manque {5}kg.<br/><br/>Arraché = {3}, Épaulé-jeté = {4}, Total de qualification = {6}."	"Løfter {0} {1} [{2}]<br/>Overtrædelse af reglen om indledende vægte: Der mangler {5}kg.<br/>Træk = {3}, Stød = {4}, Tilm. tokamp = {6}."	"Atleta {0} {1} [{2}]<br/>
Violación de la regla de pesos iniciales: Faltan {5}kg.<br/>Arrancada = {3}, DT = {4}, Total = {6}."
"Lifter.group"	"Group"	"Groupe"	"Gruppe"	"Sesión"
"Category.mgt85"	"m>85"	"m>85"	"m>85"	"m>85"
"TryFormatter.shortCleanJerk"	" (CJ)"	" (ÉJ)"	" (Stød)"	" (DT)"
"ItemAdapter.NeitherBeanItemNorEntityItem"	"item is neither BeanItem nor EntityItem ("	"l'item n'est ni un BeanItem ni un EntityItem ("	"item is neither BeanItem nor EntityItem ("	"No es ni BeanItem ni EntityItem ("
"Category.f40"	"f40"	"f40"	"f40"	"f40"
"LogoUploader.UploadNow"	"Upload .png file as logo"	"Charger fichier .png en tant que logo"	"Upload .png fil som logo"	"Subir archivo .png como logo"
"Category.f44"	"f44"	"f44"	"f44"	"f44"
"CompetitionBook.MWT"	"M+W Total Score"	"M+F Pointage Total"	"M+K Total Score"	"M+F Puntuación Total"
"Category.f48"	"f48"	"f48"	"f48"	"f48"
"Lifter.birthDate"	"Birth Year"	"An. Naiss."	"Fødselsår"	"Año de nacimiento"
"CompetitionBook.MS"	"Men's Sinclair"	"Hommes Sinclair"	"Sinclair Mænd"	"Sinclair Masculino"
"CompetitionBook.MT"	"Men's Total Score"	"Hommes Pointage Total"	"Total Score Mænd"	"Puntos Total Masculino"
"TimeStoppedNotificationReason.NotificationFormat"	"<i>{0}</i> : {1} - {3} {2} {4}"	"<i>{0}</i> : {1} - {3} {2} {4}"	"<i>{0}</i> : {1} - {3} {2} {4}"	"<i>{0}</i> : {1} - {3} {2} {4}"
"Lifter.registrationCategory"	"Reg.Cat."	"Inscr."	"Reg.Vægtkl."	"Cat. Inscr."
"PlatesInfo.waiting"	"Waiting."	"En attente."	"Afventer."	"En espera."
"Restart.Cancel"	"Cancel"	"Annuler"	"Annuller"	"Cancelar"
"CompetitionBook.MR"	"Men's Robi"	"Hommes Robi"	"Robi Mænd"	"Robi Masculino"
"Common.delete"	"Delete"	"Détruire"	"Slet"	"Eliminar"
"CompetitionApplication.Display.s720p"	"Medium"	"Moyen"	"Medium"	"Mediano"
"LifterInfo.Successful"	"Successful"	"Réussi"	"Godkendt"	"Válido"
"LoadComputer.BumperPlates"	"Grandes plaques"	"Grandes plaques"	"Store skiver"	"Pesas grandes"
"Category.f75"	"f75"	"f75"	"f75"	"f75"
"LoadComputer.Collar"	"Collar"	"Collet"	"Lås"	"Mordaza"
"CompetitionBook.WT_LeftHeader"	"Team Ranking (Total)"	"Classement par équipes (Total) - Team Ranking (Total)"	"Hold Placering (Total)"	"Clasificación por equipos (Total)"
"LifterInfo.StopStartTime"	"Clock"	"Chrono"	"Tid"	"Reloj"
"Lifter.sMM"	"SMF"	"SMF"	"SMF"	"SMF"
"CompetitionBook.MXT"	"Men's Custom Score"	"Hommes Pointage Spécial"	"Mænd Speciel Score"	"Puntuación Masculina Personalizada"
"CompetitionBook.M6"	"Men's Results"	"Hommes 6 essais"	"Resultater Mænd"	"Resultados Masculino"
"Lifter.startNumber"	"Start"	"Départ"	"Start"	"Orden"
"LifterInfo.Announced"	"✓"	"✓"	"✓"	"✓"
"Competition.masters"	"Masters"	"Maîtres"	"Masters"	"Masters"
"Locale.languageCode"	"en"	"fr"	"da"	"es"
"CompetitionApplication.Lifters"	"Registrations"	"Inscriptions"	"Indtastning"	"Inscripciones"
"Competition.competitionOrganizer"	"Organizer"	"Organisateur"	"Arrangør"	"Organizador"
"LifterInfo.Busy"	"Please wait until the decision lights are off."	"S.V.P. attendre la fin de l'affichage de la décision."	"Vent venligst til dommerlys er slukket."	"Por favor, espera hasta que las luces de decisión se apaguen."
"Category.f63"	"f63"	"f63"	"f63"	"f63"
"Category.f69"	"f69"	"f69"	"f69"	"f69"
"CompetitionApplication.Categories"	"Categories"	"Catégories"	"Vægtklasser"	"Categorías"
"CompetitionApplication.CountdownDisplay"	"Athlete-facing Display (timer + down + decisions)"	"Affichage face à l'athlète (chrono. + terre + décisions)"	"Atlet Display (timer + nedsignal + afgørelse)"	"Pantalla cara al atleta (cronómetro + tierra + decisión)"
"Field.CountdownField.set"	"Set"	"Appliquer"	"Set"	"Aplicar"
"ResultList.TeamResultSheet"	"Rankings and points"	"Rangs et pointage"	"Placeringer og points"	"Ranking y puntos"
"PlatformList.Platforms"	"Platforms"	"Plateformes"	"Platforme"	"Tarimas"
"Platform.name"	"Platform Name"	"Nom de la plateforme"	"Platform Navn"	"Nombre de la tarima"
"LifterInfo.OneMinute"	"1"	"1"	"1"	"1"
"Competition.federationWebSite"	"Federation Web Site"	"Site web de la fédération"	"Forbunds Web Site"	"Sitio Web de la federación"
"CompetionBook.XT"	"Special Team"	"Spécial Équipe"	"Specielt Hold"	"Equipo Especial"
"CompetitionLayout.0"	"Edit Competition Information"	""	""	""
"CompetitionApplication.Display"	"CompetitionApplication.Display"	""	""	"Pantalla Principal"
"PreparationNavigationContent.10"	"Upload Completed Registration Spreadsheet"	""	""	""
"OwlcmsCrudGrid.0"	"Refresh list"	""	""	""
"OwlcmsCrudGrid.1"	"Add"	""	""	""
"OwlcmsCrudGrid.2"	"Update"	""	""	""
"OwlcmsCrudGrid.3"	"Delete"	""	""	""
"BreakDialog.3"	"Pause Break Countdown Timer"	""	""	""
"BreakDialog.4"	"Start Break Countdown Timer"	""	""	""
"BreakDialog.1"	"Break Type"	""	""	""
"BreakDialog.2"	"Countdown Type"	""	""	""
"AthleteCardFormFactory.10"	"Weight Lifted"	""	""	""
"BreakDialog.0"	"End Break, Start Lifting"	""	""	""
"AthleteCardFormFactory.11"	"Error"	""	""	""
"WeighinLayout.6"	"Please select a group first."	""	""	""
"WeighinLayout.5"	"Athlete Cards"	""	""	""
"WeighinLayout.4"	"Starting Weights Sheet"	""	""	""
"WeighinLayout.3"	"Clear Start Numbers"	""	""	""
"WeighinLayout.7"	"Got it."	""	""	""
"WeighinLayout.2"	"Generate Start Numbers"	""	""	""
"WeighinLayout.1"	"Group"	""	""	""
"WeighinLayout.0"	"Weigh-In"	""	""	""
"RegistrationContent.1"	"Lot"	""	""	""
"RegistrationContent.0"	"Last Name"	""	""	""
"RegistrationContent.5"	"Gender"	""	""	""
"RegistrationContent.4"	"Birth"	""	""	""
"RegistrationContent.3"	"Team"	""	""	""
"RegistrationContent.2"	"First Name"	""	""	""
"RegistrationContent.9"	"Body Weight"	""	""	""
"RegistrationContent.8"	"Category"	""	""	""
"RegistrationContent.7"	"Age Group"	""	""	""
"RegistrationContent.6"	"Age Division"	""	""	""
"UploadDialog.0"	"Errors"	""	""	""
"UploadDialog.4"	"Can't read cell "	""	""	""
"UploadDialog.3"	"Read "	""	""	""
"UploadDialog.2"	"Reading the data..."	""	""	""
"UploadDialog.1"	"Upload Registration File"	""	""	""
"UploadDialog.5"	"Cell "	""	""	""
"GroupContent.3"	"Platform"	""	""	""
"GroupContent.2"	"Start Time"	""	""	""
"GroupContent.1"	"Weigh-in Time"	""	""	""
"GroupContent.0"	"Name"	""	""	""
"AthleteRegistrationFormFactory.5"	"Birth date cannot be in the future"	""	""	""
"AthleteRegistrationFormFactory.4"	"Category does not match gender."	""	""	""
"AthleteRegistrationFormFactory.6"	"Category does not match gender."	""	""	""
"AthleteRegistrationFormFactory.1"	"Weight should be between 0 and 350kg"	""	""	""
"AthleteRegistrationFormFactory.0"	"Declaration"	""	""	""
"AthleteRegistrationFormFactory.3"	"Category does not match body weight"	""	""	""
"AthleteRegistrationFormFactory.2"	"Body Weight is outside of selected category"	""	""	""
"MarshallContent.0"	"Marshall"	""	""	""
"MarshallContent.3"	"Marshall"	""	""	""
"AthleteGridContent.10"	"C&J #{0}"	""	""	""
"AthleteGridContent.11"	"Snatch #{0}"	""	""	""
"AthleteGridContent.12"	"Weight change for current athlete<br>{0}"	""	""	""
"CategoryContent.0"	"Name"	""	""	""
"HomeNavigationContent.23"	"OWLCMS - Olympic Weightlifting Competition Management System"	""	""	""
"CategoryContent.2"	"Gender"	""	""	""
"CategoryContent.1"	"Age Division"	""	""	""
"HomeNavigationContent.24"	"OWLCMS - Home"	""	""	""
"PlatformContent.7"	"Preparation - Platforms"	""	""	""
"PlatformContent.4"	"Platform"	""	""	""
"PlatformContent.2"	"Platform Name"	""	""	""
"PlatformContent.0"	"Name"	""	""	""
"HomeNavigationContent.10"	"<li><b>Prepare Competition</b>: Enter the competition coordinates, enter the athletes, perform weigh-in, print starting weights<br></li>"	""	""	""
"HomeNavigationContent.12"	"<li><b>Start displays</b>: Used to start the attempt board, the athlete-facing board, and the scoreboard.</li>"	""	""	""
"HomeNavigationContent.11"	"<li><b>Run lifting group</b>: Start the screens for the announcer, the marshall, the timekeeper. The announcer controls which group is shown on the displays.</li>"	""	""	""
"HomeNavigationContent.14"	"</ul>Each of the various screens or displays uses a separate laptop or mini-pc."	""	""	""
"HomeNavigationContent.13"	"<li><b>Competition documents</b>: Produce printable documents for each group and the final results package.</li>"	""	""	""
"PreparationNavigationContent.7"	"Download Empty Registration Spreadsheet"	""	""	""
"PreparationNavigationContent.2"	"Define Groups"	""	""	""
"PreparationNavigationContent.3"	"Define Fields of Play"	""	""	""
"PreparationNavigationContent.0"	"Competition Information"	""	""	""
"PreparationNavigationContent.1"	"Define Categories"	""	""	""
"CategoryContent.4"	"Name"	""	""	""
"CategoryContent.3"	"Age Division"	""	""	""
"CategoryContent.6"	"Minimum Weight"	""	""	""
"ResultsNavigationContent.7"	"OWLCMS - Results"	""	""	""
"CategoryContent.5"	"Gender"	""	""	""
"CategoryContent.8"	"World Record"	""	""	""
"CategoryContent.7"	"Maximum Weight"	""	""	""
"CategoryContent.9"	"Active"	""	""	""
"ResultsNavigationContent.2"	"Final Results Package"	""	""	""
"ResultsNavigationContent.0"	"Group Results"	""	""	""
"ResultsNavigationContent.5"	"End of competition documents"	""	""	""
"ResultsNavigationContent.6"	"Produce Results"	""	""	""
"ResultsNavigationContent.3"	"Timing Statistics"	""	""	""
"ResultsNavigationContent.4"	"For each competition group"	""	""	""
"GroupLayout.EditGroups"	"Edit Groups"	""	""	""
"BreakDisplay.5"	"Competition paused"	""	""	""
"BreakDisplay.4"	"Time before introduction"	""	""	""
"BreakDisplay.3"	"Time before first lift"	""	""	""
"BreakDisplay.2"	"Time before next lift"	""	""	""
"BreakDisplay.1"	"Group {0}"	""	""	""
"WeighinContent.9"	"Weigh-in"	""	""	""
"WeighinContent.8"	"Not weighed"	""	""	""
"WeighinContent.7"	"Weighed"	""	""	""
"WeighinContent.6"	"Weighed-In?"	""	""	""
"LiftingNavigationContent.11"	"OWLCMS - Lifting"	""	""	""
"Competition.defaultFederationWebSite"	"Competition.defaultFederationWebSite"	"www.fedhaltero.qc.ca"	"www.weightlifting.dk"	"www.fedehalter.org"
"LiftingNavigationContent.10"	"Run Lifting Group"	""	""	""
"CompetitionContent.0"	"Preparation - Competition"	""	""	""
"CompetitionContent.1"	"Locale"	""	""	""
"WeighinContent.5"	"none"	""	""	""
"WeighinContent.4"	"display"	""	""	""
"WeighinContent.3"	"Group"	""	""	""
"WeighinContent.2"	"Category"	""	""	""
"WeighinContent.1"	"Age Division"	""	""	""
"WeighinContent.0"	"Last name"	""	""	""
"WeighinContent.30"	"Body Weight"	""	""	""
"WeighinContent.34"	"Team"	""	""	""
"WeighinContent.33"	"Age Division"	""	""	""
"PlatformLayout.0"	"Edit Platforms"	""	""	""
"WeighinContent.32"	"Category"	""	""	""
"WeighinContent.31"	"Group"	""	""	""
"WeighinContent.37"	"Start#"	""	""	""
"WeighinContent.36"	"Last Name"	""	""	""
"WeighinContent.35"	"First Name"	""	""	""
"ResultsContent.7"	"Category"	""	""	""
"ResultsContent.8"	"Snatch"	""	""	""
"ResultsContent.9"	"Snatch Rank"	""	""	""
"AttemptBoard.0"	"Group {0} done."	""	""	""
"ResultsContent.3"	"Group Results"	""	""	""
"AttemptBoard.1"	"{0}<sup>{0,choice,1#st|2#nd|3#rd}</sup> att."	""	""	""
"WeighinContent.23"	"Clean&Jerk Declaration"	""	""	""
"ResultsContent.4"	"Last Name"	""	""	""
"AttemptBoard.2"	"Attempt"	""	""	""
"WeighinContent.22"	"Gender"	""	""	""
"ResultsContent.5"	"First Name"	""	""	""
"WeighinContent.21"	"Group"	""	""	""
"ResultsContent.6"	"Team"	""	""	""
"WeighinContent.20"	"Last Name"	""	""	""
"WeighinContent.27"	"C&J Decl."	""	""	""
"ResultsContent.0"	"Group Results"	""	""	""
"WeighinContent.26"	"Body Weight"	""	""	""
"ResultsContent.1"	"Group Results"	""	""	""
"WeighinContent.25"	"Category"	""	""	""
"ResultsContent.2"	"Group"	""	""	""
"WeighinContent.24"	"Snatch Declaration"	""	""	""
"WeighinContent.29"	"Snatch Decl."	""	""	""
"WeighinContent.28"	"Eligible"	""	""	""
"RegistrationLayout.10"	"This will clear all lifting data for the athletes currently displayed except for initial declarations.<br>Are you sure?"	""	""	""
"RegistrationLayout.11"	"Lifts cleared"	""	""	""
"RegistrationLayout.12"	"Clear Lifts for Athletes Currently Listed"	""	""	""
"BaseNavigationContent.1"	"Select Platform"	""	""	""
"BaseNavigationContent.0"	"Competition Platform"	""	""	""
"HomeNavigationContent.5"	"The competition system is reachable using the following address(es): "	""	""	""
"HomeNavigationContent.4"	"About"	""	""	""
"HomeNavigationContent.7"	" (wireless)"	""	""	""
"HomeNavigationContent.6"	" (wired)"	""	""	""
"WeighinContent.12"	"Group"	""	""	""
"HomeNavigationContent.1"	"Run Lifting Group"	""	""	""
"WeighinContent.11"	"Category"	""	""	""
"HomeNavigationContent.0"	"Prepare Competition"	""	""	""
"WeighinContent.10"	"AgeDivision"	""	""	""
"HomeNavigationContent.3"	"Result Documents"	""	""	""
"HomeNavigationContent.2"	"Start Displays"	""	""	""
"WeighinContent.16"	"Age Division"	""	""	""
"WeighinContent.15"	"Entry Total"	""	""	""
"WeighinContent.14"	"Eligible for individual ranking?"	""	""	""
"WeighinContent.13"	"Gender"	""	""	""
"WeighinContent.19"	"First Name"	""	""	""
"WeighinContent.18"	"Team"	""	""	""
"WeighinContent.17"	"Birth Date"	""	""	""
"HomeNavigationContent.9"	"Use the menu at the left to navigate to the various screens:<ul>"	""	""	""
"HomeNavigationContent.8"	" (on the computer running the owlcms program)"	""	""	""
"AnnouncerContent.0"	"Announcer"	""	""	""
"AnnouncerContent.1"	"{0,choice,0#No Lift|1#Good Lift} for {1}"	""	""	""
"AnnouncerContent.4"	"Reload group from database."	""	""	""
"AnnouncerContent.2"	"Time to start countdown / Break Timer"	""	""	""
"AnnouncerContent.3"	"Announcer"	""	""	""
"DisplayNavigationContent.0"	"Use the dropdown to select the platform where the display is located."	""	""	""
"FieldOfPlay.1"	"Unexpected event: {0} in state {1}"	""	""	""
"DisplayNavigationContent.2"	"margin-bottom"	""	""	""
"FieldOfPlay.2"	"Unexpected event: {} in state {}"	""	""	""
"DisplayNavigationContent.1"	"Use one of the buttons below to open a display."	""	""	""
"DisplayNavigationContent.4"	"Attempt Board"	""	""	""
"FieldOfPlay.0"	"Declaration for {0}: {1}"	""	""	""
"DisplayNavigationContent.6"	"Athlete-facing Timer/Down/Decisions"	""	""	""
"DisplayNavigationContent.5"	"Scoreboard"	""	""	""
"InfoNavigationContent.7"	"installation and configuration information."	""	""	""
"DisplayNavigationContent.8"	"Plates Display"	""	""	""
"InfoNavigationContent.8"	"Notes"	""	""	""
"DisplayNavigationContent.7"	"Athlete-facing Attempt Board Display"	""	""	""
"InfoNavigationContent.9"	"This software is meant to comply with the IWF Technical Competition Rules and Regulations (TCRR) and with the Masters Weightlifting rules"	""	""	""
"DisplayNavigationContent.9"	"Field of Play Displays"	""	""	""
"InfoNavigationContent.3"	"This software is made available under the <a href='https://opensource.org/licenses/NPOSL-3.0'>Non-Profit Open Software License 3.0</a>."	""	""	""
"PreparationNavigationContent.14"	"Edit Athlete Entries (adjust group assignments)"	""	""	""
"InfoNavigationContent.4"	"Source and Documentation"	""	""	""
"PreparationNavigationContent.13"	"Registration"	""	""	""
"InfoNavigationContent.5"	"<li>See the <a href='https://github.com/jflamy/owlcms4'>project repository</a> for binary releases and the full source."	""	""	""
"PreparationNavigationContent.12"	"Pre-competition setup"	""	""	""
"InfoNavigationContent.6"	"<li>See also the <a href='https://jflamy.github.io/owlcms4/'>documentation</a> for "	""	""	""
"PreparationNavigationContent.11"	"Edit Athlete Entries"	""	""	""
"InfoNavigationContent.0"	"Copyright and License"	""	""	""
"InfoNavigationContent.1"	"This software is Copyright © 2009-"	""	""	""
"PreparationNavigationContent.16"	"Prepare Competition"	""	""	""
"InfoNavigationContent.2"	" Jean-François Lamy"	""	""	""
"PreparationNavigationContent.15"	"OWLCMS - Preparation"	""	""	""
"AthleteFacingAttemptBoard.0"	"Attempt (AF)"	""	""	""
"LiftingNavigationContent.0"	"The <b><i>Announcer</i></b> selects the current group for the platform.<br> "	""	""	""
"LiftingNavigationContent.1"	"This changes the current group for all displays and screens associated with the platform "	""	""	""
"LiftingNavigationContent.2"	"(announcer, timekeeper, marshall, result boards, attempt board, jury, etc.)"	""	""	""
"LiftingNavigationContent.3"	"Announcer"	""	""	""
"LiftingNavigationContent.4"	"Marshall"	""	""	""
"LiftingNavigationContent.5"	"Timekeeper"	""	""	""
"LiftingNavigationContent.6"	"Jury"	""	""	""
"LiftingNavigationContent.7"	"Technical Official Screens (select the correct platform above before clicking)"	""	""	""
"LiftingNavigationContent.8"	"Weigh-In and Start Numbers"	""	""	""
"LiftingNavigationContent.9"	"Weigh-in"	""	""	""
"AthleteGridContent.0"	"Last Name"	""	""	""
"AthleteGridContent.1"	"First Name"	""	""	""
"AthleteGridContent.2"	"Team"	""	""	""
"AthleteGridContent.3"	"Category"	""	""	""
"AthleteGridContent.4"	"Requested Weight"	""	""	""
"AthleteGridContent.5"	"Attempt"	""	""	""
"AthleteGridContent.6"	"Start Number"	""	""	""
"AthleteGridContent.7"	"Group"	""	""	""
"AthleteGridContent.8"	"Group"	""	""	""
"AthleteGridContent.9"	"Group {0} done."	""	""	""
"CategoryContent.10"	"Name"	""	""	""
"CategoryContent.11"	"Age Division"	""	""	""
"CategoryContent.14"	"Preparation - Categories"	""	""	""
"CategoryContent.12"	"Active"	""	""	""
"CategoryContent.13"	"Active Categories Only"	""	""	""
"OwlcmsRouterLayout.1"	"OWLCMS - Olympic Weightlifting Competition Management System"	""	""	""
"OwlcmsRouterLayout.0"	"Home"	""	""	""
"AthleteFacingDecisionBoard.0"	"Decision (AF)"	""	""	""
"Locale.defaultCountry"	"US"	""	""	""
"Competition.defaultFederation"	"Competition.defaultFederation"	"Fédération d'haltérophilie du Québec"	"Dansk Vægtløftnings-Forbund"	"Federación Española de Halterofilia"
"RegistrationContent.32"	"Age Division"	""	""	""
"RegistrationContent.31"	"Last name"	""	""	""
"RegistrationContent.34"	"Category"	""	""	""
"RegistrationContent.33"	"Age Group"	""	""	""
"RegistrationContent.30"	"AgeDivision"	""	""	""
"RegistrationContent.39"	"Preparation - Registration"	""	""	""
"RegistrationContent.36"	"Weighed-In?"	""	""	""
"RegistrationContent.35"	"Group"	""	""	""
"RegistrationContent.38"	"Not weighed"	""	""	""
"RegistrationContent.37"	"Weighed"	""	""	""
"RegistrationContent.21"	"Entry Total"	""	""	""
"RegistrationContent.20"	"Group"	""	""	""
"RegistrationContent.23"	"Snatch Decl."	""	""	""
"RegistrationContent.22"	"Body Weight"	""	""	""
"RegistrationContent.29"	"Category"	""	""	""
"RegistrationContent.28"	"Group"	""	""	""
"RegistrationContent.25"	"Eligible for Individual Ranking?"	""	""	""
"RegistrationContent.24"	"C&J Decl."	""	""	""
"RegistrationContent.27"	"Gender"	""	""	""
"RegistrationContent.26"	"Lot"	""	""	""
"RegistrationContent.10"	"Group"	""	""	""
"RegistrationContent.12"	"Last Name"	""	""	""
"RegistrationContent.11"	"Eligible"	""	""	""
"GroupContent.42"	"Preparation - Groups"	""	""	""
"RegistrationContent.18"	"Age Division"	""	""	""
"RegistrationContent.17"	"Age Group"	""	""	""
"RegistrationContent.19"	"Category"	""	""	""
"LoginView.2"	"Log in"	""	""	""
"RegistrationContent.14"	"Gender"	""	""	""
"LoginView.3"	"Login"	""	""	""
"RegistrationContent.13"	"First Name"	""	""	""
"LoginView.0"	"Incorrect Access Information Provided."	""	""	""
"RegistrationContent.16"	"Birth Date (yyyy-mm-dd)"	""	""	""
"LoginView.1"	"Enter PIN"	""	""	""
"RegistrationContent.15"	"Team"	""	""	""
"TimekeeperContent.2"	"Reset to 2 min"	""	""	""
"TimekeeperContent.3"	"Break Timer"	""	""	""
"TimekeeperContent.0"	"Timekeeper"	""	""	""
"TimekeeperContent.1"	"Reset to 1 min"	""	""	""
"ResultsContent.19"	"Results"	""	""	""
"ResultsContent.18"	"Group {} lifting on {}, editing"	""	""	""
"ResultsContent.17"	"Group {} lifting on {}, cannot edit"	""	""	""
"ResultsContent.16"	". You cannot edit the results."	""	""	""
"GroupContent.20"	"Name"	""	""	""
"ResultsContent.11"	"Clean&Jerk Rank"	""	""	""
"GroupContent.21"	"Weigh-in Time"	""	""	""
"ResultsContent.10"	"Clean&Jerk"	""	""	""
"GroupContent.24"	"Announcer"	""	""	""
"ResultsContent.15"	"This group is currently lifting on platform "	""	""	""
"GroupContent.25"	"Marshall"	""	""	""
"ResultsContent.14"	"Group"	""	""	""
"GroupContent.22"	"Start Time"	""	""	""
"ResultsContent.13"	"Rank"	""	""	""
"GroupContent.23"	"Platform"	""	""	""
"ResultsContent.12"	"Total"	""	""	""
"GroupContent.28"	"Referee 1"	""	""	""
"GroupContent.29"	"Referee 2"	""	""	""
"GroupContent.26"	"Technical Controller"	""	""	""
"GroupContent.27"	"Timekeeper"	""	""	""
"GroupContent.31"	"Jury 1"	""	""	""
"GroupContent.32"	"Jury 2"	""	""	""
"GroupContent.30"	"Referee 3"	""	""	""
"GroupContent.35"	"Jury 5"	""	""	""
"GroupContent.33"	"Jury 3"	""	""	""
"GroupContent.34"	"Jury 4"	""	""	""
"TimekeeperContent.4"	"Timekeeper"	""	""	""
"GroupContent.37"	"Platform"	""	""	""
"DisplayNavigationContent.11"	"Start Displays"	""	""	""
"DisplayNavigationContent.10"	"Refereeing Displays (can accept keyboard input from refereeing devices)"	""	""	""
"DisplayNavigationContent.12"	"OWLCMS - Displays"	""	""	""
"Competition.defaultFederationAddress"	"Competition.defaultFederationAddress"	"C.P. 1000, Succ. M, Montréal, QC, H1V 3R2"	"Idrættens Hus, Brøndby Stadion 20, 2605 Brøndby"	"C/ Francos Rodríguez, 70 "
"CategoryLayout.0"	"Edit Categories"	""	""	""
"InfoNavigationContent.10"	" as published at the time of release.  As stated in the license, there is no guarantee whatsoever regarding this software, and you"	""	""	""
"InfoNavigationContent.11"	" are responsible for performing whatever tests are need to establish that the sofware is fit for your circumstances."	""	""	""
"InfoNavigationContent.18"	" (wireless)"	""	""	""
"InfoNavigationContent.19"	" (on the computer running the owlcms program)"	""	""	""
"InfoNavigationContent.16"	"The competition system is reachable using the following address(es): "	""	""	""
"InfoNavigationContent.17"	" (wired)"	""	""	""
"InfoNavigationContent.14"	"Special thanks to Anders Bendix Nielsen, Alexey Ruchev and Brock Pedersen for feedback and testing.<br>"	""	""	""
"InfoNavigationContent.15"	"Thanks to the Quebec Weightlifting Federation for supporting the initial development of the software."	""	""	""
"InfoNavigationContent.12"	"Credits"	""	""	""
"InfoNavigationContent.13"	"The software is written and maintained by Jean-François Lamy, IWF International Technical Official Category 1.<br><br>"	""	""	""
"JuryContent.3"	"Stop Competition"	""	""	""
"InfoNavigationContent.21"	"<li><b>Prepare Competition</b>: Enter the competition coordinates, enter the athletes, perform weigh-in, print starting weights<br></li>"	""	""	""
"JuryContent.4"	"Resume Competition"	""	""	""
"InfoNavigationContent.22"	"<li><b>Run lifting group</b>: Start the screens for the announcer, the marshall, the timekeeper. The announcer controls which group is shown on the displays.</li>"	""	""	""
"JuryContent.5"	"Break Timer"	""	""	""
"InfoNavigationContent.20"	"Use the menu at the left to navigate to the various screens:<ul>"	""	""	""
"JuryContent.0"	"Jury"	""	""	""
"JuryContent.1"	"Jury Decisions"	""	""	""
"JuryContent.2"	"Referee Decisions"	""	""	""
"CompetitionBook.C_RightHeader"	"CompetitionBook.C_RightHeader"	""	""	""
"InfoNavigationContent.25"	"</ul>Each of the various screens or displays uses a separate laptop or mini-pc."	""	""	""
"InfoNavigationContent.23"	"<li><b>Start displays</b>: Used to start the attempt board, the athlete-facing board, and the scoreboard.</li>"	""	""	""
"InfoNavigationContent.24"	"<li><b>Competition documents</b>: Produce printable documents for each group and the final results package.</li>"	""	""	""
"InfoNavigationContent.34"	"OWLCMS - Olympic Weightlifting Competition Management System"	""	""	""
"InfoNavigationContent.35"	"OWLCMS - Home"	""	""	""
"OwlcmsCrudFormFactory.5"	"; "	""	""	""
"OwlcmsCrudFormFactory.3"	" ?"	""	""	""
"OwlcmsCrudFormFactory.4"	"Error"	""	""	""
"OwlcmsCrudFormFactory.1"	"Delete "	""	""	""
"OwlcmsCrudFormFactory.2"	"Cancel"	""	""	""
"OwlcmsCrudFormFactory.0"	"Delete"	""	""	""
"RegistrationLayout.3"	"Delete Athletes"	""	""	""
"RegistrationLayout.4"	"Delete Athletes"	""	""	""
"RegistrationLayout.5"	"This will delete the athletes currently displayed from the database.<br>Are you sure?"	""	""	""
"RegistrationLayout.6"	"Done."	""	""	""
"AthleteCardFormFactory.7"	"Declaration"	""	""	""
"RegistrationLayout.7"	"Delete Athletes Currently Listed"	""	""	""
"AthleteCardFormFactory.8"	"Change 1"	""	""	""
"RegistrationLayout.8"	"Clear Lifts"	""	""	""
"AthleteCardFormFactory.9"	"Change 2"	""	""	""
"RegistrationLayout.9"	"Clear Lifts"	""	""	""
"RegistrationLayout.0"	"Edit Registered Athletes"	""	""	""
"RegistrationLayout.1"	"Draw Lot Numbers"	""	""	""
"RegistrationLayout.2"	"Starting List"	""	""	""
"AthleteCardFormFactory.3"	"C&J 1"	""	""	""
"AthleteCardFormFactory.4"	"C&J 2"	""	""	""
"AthleteCardFormFactory.5"	"C&J 3"	""	""	""
"AthleteCardFormFactory.6"	"Automatic Progression"	""	""	""
"AthleteCardFormFactory.0"	"snatch 1"	""	""	""
"AthleteCardFormFactory.1"	"snatch 2"	""	""	""
"AthleteCardFormFactory.2"	"snatch 3"	""	""	""
"Locale.defaultLanguage"	"en"	""	""	""
"Competition.defaultFederationEMail"	"Competition.defaultFederationEMail"	"admin@fedhaltero.qc.ca"	"kontor@danskvaegtloeftning.dk"	"fehalterofilia@hotmail.com"
